{"weights_sum": [0.9684805794701175, 0.03151942052988255], "weights_max": [0.9061399379499246, 0.09386006205007535]}