{"weights_sum": [0.6418750016288737, 0.3581249983711263], "weights_max": [0.745198495836514, 0.254801504163486]}