{"weights_sum": [0.7649713589543505, 0.23502864104564947], "weights_max": [0.5288628130894015, 0.47113718691059847]}