{"weights_sum": [0.7385550447045097, 0.2614449552954903], "weights_max": [0.5381080744276974, 0.46189192557230263]}