{"weights_sum": [0.9921981387796291, 0.007801861220370854], "weights_max": [0.9193757287599431, 0.08062427124005689]}