{"weights_sum": [0.9260163662038021, 0.07398363379619788], "weights_max": [0.6616992916361535, 0.3383007083638465]}