{"weights_sum": [0.834548340874172, 0.16545165912582804], "weights_max": [0.6965382865353603, 0.3034617134646397]}