{"weights_sum": [0.9946733799242101, 0.0053266200757898785], "weights_max": [0.6622818377827816, 0.3377181622172184]}