{"weights_sum": [0.9648998450305168, 0.035100154969483155], "weights_max": [0.7279596430787836, 0.2720403569212164]}