{"weights_sum": [0.6922408269388183, 0.3077591730611817], "weights_max": [0.5135377758845514, 0.4864622241154486]}