{"weights_sum": [0.582958252145247, 0.417041747854753], "weights_max": [0.54724698185675, 0.45275301814325]}